,sigUF,mdaPotenciaInstaladakW,mesReferencia,anoReferencia
0,AC,141760.5,12,2006
1,AC,141349.3,12,2007
2,AC,141350.3,12,2008
3,AC,142542.3,12,2009
4,AC,132998.3,12,2010
5,AC,136843.0,12,2011
6,AC,165480.9,12,2012
7,AC,190896.0,12,2013
8,AC,190896.0,12,2014
9,AC,195698.7,12,2015
10,AC,258290.3,12,2016
11,AC,180682.1,3,2012
12,AC,189691.0,3,2013
13,AC,190896.0,3,2014
14,AC,193477.0,3,2015
15,AC,195699.0,3,2016
16,AC,250401.9,3,2017
17,AC,180682.1,6,2012
18,AC,189691.0,6,2013
19,AC,190896.0,6,2014
20,AC,195699.0,6,2015
21,AC,195698.7,6,2016
22,AC,297949.0,9,2012
23,AC,190896.0,9,2013
24,AC,190896.0,9,2014
25,AC,195699.0,9,2015
26,AC,256090.3,9,2016
27,AL,7626936.5,12,2006
28,AL,7656836.5,12,2007
29,AL,7670436.5,12,2008
30,AL,7662276.5,12,2009
31,AL,7674826.5,12,2010
32,AL,7690487.0,12,2011
33,AL,7690486.5,12,2012
34,AL,7748087.0,12,2013
35,AL,702276.0,12,2014
36,AL,710769.1,12,2015
37,AL,729369.1,12,2016
38,AL,7690486.5,3,2012
39,AL,7690487.0,3,2013
40,AL,7748087.0,3,2014
41,AL,705636.0,3,2015
42,AL,710769.0,3,2016
43,AL,729369.1,3,2017
44,AL,7690486.5,6,2012
45,AL,7748087.0,6,2013
46,AL,7749087.0,6,2014
47,AL,710385.0,6,2015
48,AL,710769.1,6,2016
49,AL,8440948.0,9,2012
50,AL,7748087.0,9,2013
51,AL,707376.0,9,2014
52,AL,710769.0,9,2015
53,AL,710769.1,9,2016
54,AM,2105228.6,12,2006
55,AM,1904359.6,12,2007
56,AM,2044287.0,12,2008
57,AM,2129933.0,12,2009
58,AM,2139920.6,12,2010
59,AM,2174906.0,12,2011
60,AM,2259870.0,12,2012
61,AM,2262845.0,12,2013
62,AM,2258959.0,12,2014
63,AM,2262779.22,12,2015
64,AM,2303799.04,12,2016
65,AM,2258470.0,3,2012
66,AM,2262760.0,3,2013
67,AM,2262845.0,3,2014
68,AM,2258959.0,3,2015
69,AM,2279542.0,3,2016
70,AM,2284949.04,3,2017
71,AM,2259370.0,6,2012
72,AM,2262845.0,6,2013
73,AM,2262845.0,6,2014
74,AM,2262675.0,6,2015
75,AM,2285537.24,6,2016
76,AM,2732130.0,9,2012
77,AM,2262845.0,9,2013
78,AM,2262845.0,9,2014
79,AM,2262675.0,9,2015
80,AM,2303869.04,9,2016
81,AP,273950.0,12,2006
82,AP,273956.0,12,2007
83,AP,273993.0,12,2008
84,AP,296249.0,12,2009
85,AP,296249.0,12,2010
86,AP,297949.0,12,2011
87,AP,297949.0,12,2012
88,AP,302549.0,12,2013
89,AP,843949.0,12,2014
90,AP,940779.0,12,2015
91,AP,1159779.0,12,2016
92,AP,297949.0,3,2012
93,AP,297949.0,3,2013
94,AP,302549.0,3,2014
95,AP,927949.0,3,2015
96,AP,940779.0,3,2016
97,AP,1159779.0,3,2017
98,AP,297949.0,6,2012
99,AP,297949.0,6,2013
100,AP,302549.0,6,2014
101,AP,927949.0,6,2015
102,AP,1086779.0,6,2016
103,AP,316944.0,9,2012
104,AP,297949.0,9,2013
105,AP,425879.0,9,2014
106,AP,927949.0,9,2015
107,AP,1159779.0,9,2016
108,BA,8899100.9,12,2006
109,BA,8915075.9,12,2007
110,BA,8948287.9,12,2008
111,BA,9089798.9,12,2009
112,BA,9294250.9,12,2010
113,BA,9724503.0,12,2011
114,BA,9741812.3,12,2012
115,BA,9885413.0,12,2013
116,BA,8634216.0,12,2014
117,BA,9063787.18,12,2015
118,BA,9582661.18,12,2016
119,BA,9727907.3,3,2012
120,BA,9838077.0,3,2013
121,BA,9885417.0,3,2014
122,BA,8785046.0,3,2015
123,BA,9379539.0,3,2016
124,BA,9593921.34,3,2017
125,BA,9727967.3,6,2012
126,BA,9883307.0,6,2013
127,BA,9888340.0,6,2014
128,BA,8803883.0,6,2015
129,BA,9492777.18,6,2016
130,BA,10217748.0,9,2012
131,BA,9883307.0,9,2013
132,BA,8306071.0,9,2014
133,BA,8858703.0,9,2015
134,BA,9550627.18,9,2016
135,CE,703170.0,12,2006
136,CE,730420.0,12,2007
137,CE,730420.0,12,2008
138,CE,834850.0,12,2009
139,CE,1066034.0,12,2010
140,CE,1381485.0,12,2011
141,CE,1769522.0,12,2012
142,CE,2607250.0,12,2013
143,CE,3172245.0,12,2014
144,CE,3197312.9,12,2015
145,CE,3691514.1,12,2016
146,CE,1381485.0,3,2012
147,CE,1831551.0,3,2013
148,CE,2671779.0,3,2014
149,CE,3175645.0,3,2015
150,CE,3239313.0,3,2016
151,CE,3732014.1,3,2017
152,CE,1381485.0,6,2012
153,CE,2170028.0,6,2013
154,CE,2905147.0,6,2014
155,CE,3194313.0,6,2015
156,CE,3283313.1,6,2016
157,CE,1588075.0,9,2012
158,CE,2186828.0,9,2013
159,CE,3065780.0,9,2014
160,CE,3197313.0,9,2015
161,CE,3683414.1,9,2016
162,DF,39700.0,12,2006
163,DF,42120.0,12,2007
164,DF,42120.0,12,2008
165,DF,42120.0,12,2009
166,DF,42120.0,12,2010
167,DF,43258.0,12,2011
168,DF,43766.0,12,2012
169,DF,45918.0,12,2013
170,DF,47380.0,12,2014
171,DF,56058.4,12,2015
172,DF,56058.4,12,2016
173,DF,43258.0,3,2012
174,DF,43766.0,3,2013
175,DF,45918.0,3,2014
176,DF,50500.0,3,2015
177,DF,56058.0,3,2016
178,DF,56058.4,3,2017
179,DF,43258.0,6,2012
180,DF,16178.0,6,2013
181,DF,47377.0,6,2014
182,DF,55442.0,6,2015
183,DF,56058.4,6,2016
184,DF,43766.0,9,2012
185,DF,16178.0,9,2013
186,DF,47377.0,9,2014
187,DF,55442.0,9,2015
188,DF,56058.4,9,2016
189,ES,1165516.0,12,2006
190,ES,1390876.0,12,2007
191,ES,1410876.0,12,2008
192,ES,1524806.0,12,2009
193,ES,1758851.0,12,2010
194,ES,1966948.0,12,2011
195,ES,1872815.0,12,2012
196,ES,1872815.0,12,2013
197,ES,1522435.0,12,2014
198,ES,1539815.4,12,2015
199,ES,1539642.9,12,2016
200,ES,1966948.0,3,2012
201,ES,1872815.0,3,2013
202,ES,1881234.0,3,2014
203,ES,1530781.0,3,2015
204,ES,1539823.0,3,2016
205,ES,1538238.9,3,2017
206,ES,1970988.0,6,2012
207,ES,1872815.0,6,2013
208,ES,1870819.0,6,2014
209,ES,1539575.0,6,2015
210,ES,1539822.9,6,2016
211,ES,1970988.0,9,2012
212,ES,1872815.0,9,2013
213,ES,1525929.0,9,2014
214,ES,1539575.0,9,2015
215,ES,1539822.9,9,2016
216,GO,8605256.4,12,2006
217,GO,8606664.4,12,2007
218,GO,8737405.6,12,2008
219,GO,8765159.6,12,2009
220,GO,8904031.6,12,2010
221,GO,9903194.0,12,2011
222,GO,10261018.2,12,2012
223,GO,10578599.0,12,2013
224,GO,7313355.0,12,2014
225,GO,7414609.11,12,2015
226,GO,7563968.05,12,2016
227,GO,9971568.2,3,2012
228,GO,10575553.0,3,2013
229,GO,10579551.0,3,2014
230,GO,7323192.0,3,2015
231,GO,7461020.0,3,2016
232,GO,7574928.09,3,2017
233,GO,10021568.2,6,2012
234,GO,10572043.0,6,2013
235,GO,10631699.0,6,2014
236,GO,7373073.0,6,2015
237,GO,7505520.05,6,2016
238,GO,9814102.0,9,2012
239,GO,10576299.0,9,2013
240,GO,7240800.0,9,2014
241,GO,7374609.0,9,2015
242,GO,7570920.05,9,2016
243,MA,247612.0,12,2006
244,MA,247080.8,12,2007
245,MA,254280.8,12,2008
246,MA,265184.8,12,2009
247,MA,672124.8,12,2010
248,MA,1180450.0,12,2011
249,MA,1591274.8,12,2012
250,MA,3027829.0,12,2013
251,MA,3053971.0,12,2014
252,MA,3073605.43,12,2015
253,MA,3592609.43,12,2016
254,MA,1316324.8,3,2012
255,MA,2633762.0,3,2013
256,MA,3035229.0,3,2014
257,MA,3064129.0,3,2015
258,MA,3076005.0,3,2016
259,MA,3592609.43,3,2017
260,MA,1452199.8,6,2012
261,MA,2802595.0,6,2013
262,MA,3162629.0,6,2014
263,MA,3068056.0,6,2015
264,MA,3592609.43,6,2016
265,MA,1352580.0,9,2012
266,MA,2802752.0,9,2013
267,MA,3052769.0,9,2014
268,MA,3068605.0,9,2015
269,MA,3592609.43,9,2016
270,MG,18031374.95,12,2006
271,MG,18207831.95,12,2007
272,MG,18403127.45,12,2008
273,MG,18403433.45,12,2009
274,MG,18714031.45,12,2010
275,MG,19500264.0,12,2011
276,MG,19662121.16,12,2012
277,MG,20095486.0,12,2013
278,MG,15486809.0,12,2014
279,MG,15662491.79,12,2015
280,MG,15797899.95,12,2016
281,MG,19546728.45,3,2012
282,MG,19686402.0,3,2013
283,MG,20146682.0,3,2014
284,MG,15574450.0,3,2015
285,MG,15671474.0,3,2016
286,MG,15801826.49,3,2017
287,MG,19593728.45,6,2012
288,MG,19806043.0,6,2013
289,MG,19539469.0,6,2014
290,MG,15653931.0,6,2015
291,MG,15765708.47,6,2016
292,MG,19652361.0,9,2012
293,MG,20038178.0,9,2013
294,MG,15472693.0,9,2014
295,MG,15659935.0,9,2015
296,MG,15792069.15,9,2016
297,MS,7324683.0,12,2006
298,MS,7361447.0,12,2007
299,MS,7375947.0,12,2008
300,MS,7655701.0,12,2009
301,MS,7826471.0,12,2010
302,MS,8224679.0,12,2011
303,MS,8440948.0,12,2012
304,MS,8781922.0,12,2013
305,MS,2100221.0,12,2014
306,MS,2362729.38,12,2015
307,MS,2312411.38,12,2016
308,MS,8297695.0,3,2012
309,MS,8437948.0,3,2013
310,MS,8782685.0,3,2014
311,MS,2106130.0,3,2015
312,MS,2357369.0,3,2016
313,MS,2312411.38,3,2017
314,MS,8426416.0,6,2012
315,MS,8494892.0,6,2013
316,MS,8782687.0,6,2014
317,MS,2246729.0,6,2015
318,MS,2307369.38,6,2016
319,MS,8752486.0,9,2012
320,MS,8661915.0,9,2013
321,MS,2090407.0,9,2014
322,MS,2362729.0,9,2015
323,MS,2360207.38,9,2016
324,MT,1917727.2,12,2006
325,MT,1984299.42,12,2007
326,MT,2027430.62,12,2008
327,MT,2099130.62,12,2009
328,MT,2138459.82,12,2010
329,MT,2584740.0,12,2011
330,MT,2640048.82,12,2012
331,MT,2804909.0,12,2013
332,MT,2842410.0,12,2014
333,MT,2906079.6,12,2015
334,MT,3088606.1,12,2016
335,MT,2617257.82,3,2012
336,MT,2643031.0,3,2013
337,MT,2804909.0,3,2014
338,MT,2893372.0,3,2015
339,MT,2925960.0,3,2016
340,MT,3090647.35,3,2017
341,MT,2617257.82,6,2012
342,MT,2761190.0,6,2013
343,MT,2810309.0,6,2014
344,MT,2904632.0,6,2015
345,MT,2972940.1,6,2016
346,MT,2625758.0,9,2012
347,MT,2804909.0,9,2013
348,MT,2807718.0,9,2014
349,MT,2906080.0,9,2015
350,MT,3086236.1,9,2016
351,PA,7524644.2,12,2006
352,PA,8861181.2,12,2007
353,PA,8753570.4,12,2008
354,PA,8716065.4,12,2009
355,PA,8736433.4,12,2010
356,PA,8872744.0,12,2011
357,PA,8885729.6,12,2012
358,PA,9059697.0,12,2013
359,PA,9074721.0,12,2014
360,PA,9491915.33,12,2015
361,PA,12966433.08,12,2016
362,PA,8883553.4,3,2012
363,PA,9054730.0,3,2013
364,PA,9059889.0,3,2014
365,PA,9085097.0,3,2015
366,PA,9851245.0,3,2016
367,PA,13715633.48,3,2017
368,PA,8883553.4,6,2012
369,PA,9054730.0,6,2013
370,PA,9059889.0,6,2014
371,PA,9107258.0,6,2015
372,PA,10538390.95,6,2016
373,PA,8885585.0,9,2012
374,PA,9058286.0,9,2013
375,PA,9074721.0,9,2014
376,PA,9127926.0,9,2015
377,PA,12927415.08,9,2016
378,PB,50936.0,12,2006
379,PB,61136.0,12,2007
380,PB,61136.0,12,2008
381,PB,115886.0,12,2009
382,PB,115886.0,12,2010
383,PB,637470.0,12,2011
384,PB,640470.0,12,2012
385,PB,641470.0,12,2013
386,PB,641476.0,12,2014
387,PB,642578.8,12,2015
388,PB,657578.8,12,2016
389,PB,637470.0,3,2012
390,PB,640470.0,3,2013
391,PB,641470.0,3,2014
392,PB,642276.0,3,2015
393,PB,645579.0,3,2016
394,PB,657578.8,3,2017
395,PB,637470.0,6,2012
396,PB,641470.0,6,2013
397,PB,641470.0,6,2014
398,PB,642270.0,6,2015
399,PB,657578.8,6,2016
400,PB,122610.0,9,2012
401,PB,641470.0,9,2013
402,PB,641470.0,9,2014
403,PB,642270.0,9,2015
404,PB,657578.8,9,2016
405,PE,2382832.7,12,2006
406,PE,2388832.7,12,2007
407,PE,2418564.7,12,2008
408,PE,2704028.7,12,2009
409,PE,2716941.7,12,2010
410,PE,2806382.0,12,2011
411,PE,2817094.7,12,2012
412,PE,3401067.0,12,2014
413,PE,3873270.95,12,2015
414,PE,4152131.95,12,2016
415,PE,2816455.7,3,2012
416,PE,3210354.0,3,2013
417,PE,3394958.0,3,2014
418,PE,3521560.0,3,2015
419,PE,3875791.0,3,2016
420,PE,4156381.59,3,2017
421,PE,2815855.7,6,2012
422,PE,3190834.0,6,2013
423,PE,3400598.0,6,2014
424,PE,3537328.0,6,2015
425,PE,4071300.95,6,2016
426,PE,2816730.0,9,2012
427,PE,3191201.0,9,2013
428,PE,3400960.0,9,2014
429,PE,3550626.0,9,2015
430,PE,4097631.95,9,2016
431,PI,290010.0,12,2006
432,PI,290010.0,12,2007
433,PI,290010.0,12,2008
434,PI,316810.0,12,2009
435,PI,316810.0,12,2010
436,PI,316944.0,12,2011
437,PI,316944.0,12,2012
438,PI,318115.0,12,2013
439,PI,388115.0,12,2014
440,PI,814186.0,12,2015
441,PI,1196286.0,12,2016
442,PI,316944.0,3,2012
443,PI,316944.0,3,2013
444,PI,318115.0,3,2014
445,PI,388115.0,3,2015
446,PI,1016886.0,3,2016
447,PI,1292886.0,3,2017
448,PI,316944.0,6,2012
449,PI,316944.0,6,2013
450,PI,318115.0,6,2014
451,PI,574036.0,6,2015
452,PI,1016886.0,6,2016
453,PI,637470.0,9,2012
454,PI,317136.0,9,2013
455,PI,388115.0,9,2014
456,PI,603636.0,9,2015
457,PI,1150286.0,9,2016
458,PR,17468332.0,12,2006
459,PR,17547298.0,12,2007
460,PR,17616126.0,12,2008
461,PR,17641764.0,12,2009
462,PR,17787354.0,12,2010
463,PR,17753342.0,12,2011
464,PR,18130570.2,12,2012
465,PR,18232699.0,12,2013
466,PR,16117214.0,12,2014
467,PR,16219526.21,12,2015
468,PR,16641322.92,12,2016
469,PR,17761687.2,3,2012
470,PR,18141048.0,3,2013
471,PR,18233786.0,3,2014
472,PR,16140168.0,3,2015
473,PR,16227364.0,3,2016
474,PR,16643656.32,3,2017
475,PR,17761687.2,6,2012
476,PR,18150542.0,6,2013
477,PR,18234011.0,6,2014
478,PR,16191484.0,6,2015
479,PR,16248359.21,6,2016
480,PR,17776227.0,9,2012
481,PR,18231871.0,9,2013
482,PR,16114439.0,9,2014
483,PR,16193724.0,9,2015
484,PR,16626567.82,9,2016
485,RJ,7404536.4,12,2006
486,RJ,7672987.4,12,2007
487,RJ,7763037.4,12,2008
488,RJ,7827536.4,12,2009
489,RJ,7870648.4,12,2010
490,RJ,8667164.0,12,2011
491,RJ,8699748.4,12,2012
492,RJ,8825077.0,12,2013
493,RJ,8644056.0,12,2014
494,RJ,8443724.18,12,2015
495,RJ,8447617.78,12,2016
496,RJ,8683482.4,3,2012
497,RJ,8700317.0,3,2013
498,RJ,9052117.0,3,2014
499,RJ,8877570.0,3,2015
500,RJ,8443724.0,3,2016
501,RJ,8451853.73,3,2017
502,RJ,8695982.4,6,2012
503,RJ,8618687.0,6,2013
504,RJ,9058745.0,6,2014
505,RJ,8918218.0,6,2015
506,RJ,8444919.38,6,2016
507,RJ,8878279.0,9,2012
508,RJ,8824091.0,9,2013
509,RJ,8642984.0,9,2014
510,RJ,8924060.0,9,2015
511,RJ,8445493.78,9,2016
512,RN,88956.0,12,2006
513,RN,88956.0,12,2007
514,RN,147426.0,12,2008
515,RN,582076.0,12,2009
516,RN,582076.0,12,2010
517,RN,743320.0,12,2011
518,RN,926704.0,12,2012
519,RN,930251.0,12,2013
520,RN,2135054.0,12,2014
521,RN,2909859.84,12,2015
522,RN,3834199.84,12,2016
523,RN,847620.0,3,2012
524,RN,947204.0,3,2013
525,RN,1204067.0,3,2014
526,RN,2439488.0,3,2015
527,RN,3194200.0,3,2016
528,RN,3834199.84,3,2017
529,RN,847620.0,6,2012
530,RN,902251.0,6,2013
531,RN,1415467.0,6,2014
532,RN,2711860.0,6,2015
533,RN,3368799.84,6,2016
534,RN,855754.0,9,2012
535,RN,902251.0,9,2013
536,RN,1603703.0,9,2014
537,RN,2803660.0,9,2015
538,RN,3712399.84,9,2016
539,RO,888626.08,12,2006
540,RO,896881.48,12,2007
541,RO,902441.48,12,2008
542,RO,914148.48,12,2009
543,RO,933159.48,12,2010
544,RO,1007058.0,12,2011
545,RO,1630940.48,12,2012
546,RO,2144928.0,12,2013
547,RO,6283516.56,12,2015
548,RO,8017439.56,12,2016
549,RO,1149179.48,3,2012
550,RO,1712459.0,3,2013
551,RO,6880245.0,3,2016
552,RO,8396091.68,3,2017
553,RO,1289300.48,6,2012
554,RO,1784168.0,6,2013
555,RO,3409201.0,6,2014
556,RO,5767721.0,6,2015
557,RO,7322479.56,6,2016
558,RO,1381485.0,9,2012
559,RO,2005748.0,9,2013
560,RO,5921047.0,9,2015
561,RO,8017439.56,9,2016
562,RR,118030.4,12,2006
563,RR,118102.4,12,2007
564,RR,117278.4,12,2008
565,RR,127410.4,12,2009
566,RR,127410.4,12,2010
567,RR,122610.0,12,2011
568,RR,122610.4,12,2012
569,RR,122610.0,12,2013
570,RR,4745751.0,12,2014
571,RR,264345.4,12,2015
572,RR,263360.4,12,2016
573,RR,122610.4,3,2012
574,RR,122610.0,3,2013
575,RR,122610.0,3,2014
576,RR,124438.0,3,2015
577,RR,263370.0,3,2016
578,RR,263360.4,3,2017
579,RR,122610.4,6,2012
580,RR,122610.0,6,2013
581,RR,122610.0,6,2014
582,RR,263989.0,6,2015
583,RR,263360.4,6,2016
584,RR,159722.0,9,2012
585,RR,122610.0,9,2013
586,RR,4072261.0,9,2014
587,RR,264345.0,9,2015
588,RR,263360.4,9,2016
589,RS,6598474.6,12,2006
590,RS,6640554.6,12,2007
591,RS,6826128.6,12,2008
592,RS,7006976.6,12,2009
593,RS,7150077.6,12,2010
594,RS,8704267.0,12,2011
595,RS,8925936.4,12,2012
596,RS,9132560.0,12,2013
597,RS,8185627.0,12,2014
598,RS,9341073.58,12,2015
599,RS,9403343.43,12,2016
600,RS,8792286.8,3,2012
601,RS,9047087.0,3,2013
602,RS,9197636.0,3,2014
603,RS,8726097.0,3,2015
604,RS,9373986.0,3,2016
605,RS,9527879.28,3,2017
606,RS,8832485.4,6,2012
607,RS,9113983.0,6,2013
608,RS,9199390.0,6,2014
609,RS,9008493.0,6,2015
610,RS,9325557.23,6,2016
611,RS,7690487.0,9,2012
612,RS,9123195.0,9,2013
613,RS,8086836.0,9,2014
614,RS,9128384.0,9,2015
615,RS,9337886.73,9,2016
616,SC,5159682.6,12,2006
617,SC,5538453.6,12,2007
618,SC,5570153.6,12,2008
619,SC,5628259.1,12,2009
620,SC,5884521.1,12,2010
621,SC,6958051.0,12,2011
622,SC,7177788.8,12,2012
623,SC,7459793.0,12,2013
624,SC,4497740.0,12,2014
625,SC,4565119.82,12,2015
626,SC,4588504.92,12,2016
627,SC,7102818.1,3,2012
628,SC,7208126.0,3,2013
629,SC,7462276.0,3,2014
630,SC,4529313.0,3,2015
631,SC,4572104.0,3,2016
632,SC,4627586.76,3,2017
633,SC,7122985.1,6,2012
634,SC,7211578.0,6,2013
635,SC,7469074.0,6,2014
636,SC,4545040.0,6,2015
637,SC,4574946.2,6,2016
638,SC,7132165.0,9,2012
639,SC,7295298.0,9,2013
640,SC,4493416.0,9,2014
641,SC,4554246.0,9,2015
642,SC,4583300.02,9,2016
643,SE,3174374.4,12,2006
644,SE,3175004.4,12,2007
645,SE,3184804.4,12,2008
646,SE,3191484.4,12,2009
647,SE,3199544.4,12,2010
648,SE,3225884.0,12,2011
649,SE,3282279.4,12,2012
650,SE,3283199.0,12,2013
651,SE,3284279.0,12,2014
652,SE,3290047.4,12,2015
653,SE,3295871.4,12,2016
654,SE,3237779.4,3,2012
655,SE,3282279.0,3,2013
656,SE,3283199.0,3,2014
657,SE,3288663.0,3,2015
658,SE,3290047.0,3,2016
659,SE,3295871.4,3,2017
660,SE,3237779.4,6,2012
661,SE,3281999.0,6,2013
662,SE,3284279.0,6,2014
663,SE,3288663.0,6,2015
664,SE,3291247.4,6,2016
665,SE,3272279.0,9,2012
666,SE,3283199.0,9,2013
667,SE,3284279.0,9,2014
668,SE,3288847.0,9,2015
669,SE,3295871.4,9,2016
670,SP,21404762.9,12,2006
671,SP,21618887.3,12,2007
672,SP,21802871.7,12,2008
673,SP,22350906.9,12,2009
674,SP,22966983.9,12,2010
675,SP,24084267.0,12,2011
676,SP,24923400.98,12,2012
677,SP,25165389.0,12,2013
678,SP,22326018.0,12,2014
679,SP,22828190.92,12,2015
680,SP,23062166.47,12,2016
681,SP,24255748.98,3,2012
682,SP,25009767.0,3,2013
683,SP,25246570.0,3,2014
684,SP,22449797.0,3,2015
685,SP,22864528.0,3,2016
686,SP,23062720.75,3,2017
687,SP,24489207.98,6,2012
688,SP,24960679.0,6,2013
689,SP,25337669.0,6,2014
690,SP,22721394.0,6,2015
691,SP,22906394.32,6,2016
692,SP,24817144.0,9,2012
693,SP,25041984.0,9,2013
694,SP,22268753.0,9,2014
695,SP,22765707.0,9,2015
696,SP,22989821.42,9,2016
697,TO,1451910.0,12,2006
698,TO,1468447.0,12,2007
699,TO,1477747.0,12,2008
700,TO,1521183.0,12,2009
701,TO,1795333.0,12,2010
702,TO,2324505.0,12,2011
703,TO,2732130.0,12,2012
704,TO,2988080.0,12,2013
705,TO,1902262.0,12,2014
706,TO,1917772.0,12,2015
707,TO,1932872.0,12,2016
708,TO,2460380.0,3,2012
709,TO,2908080.0,3,2013
710,TO,2988080.0,3,2014
711,TO,1907510.0,3,2015
712,TO,1932872.0,3,2016
713,TO,1932872.0,3,2017
714,TO,2596255.0,6,2012
715,TO,2908080.0,6,2013
716,TO,2988093.0,6,2014
717,TO,1909076.0,6,2015
718,TO,1932872.0,6,2016
719,TO,2259870.0,9,2012
720,TO,2988080.0,9,2013
721,TO,1901333.0,9,2014
722,TO,1911476.0,9,2015
723,TO,1932872.0,9,2016
724,AC,250401.9,6,2017
725,AL,729369.1,6,2017
726,AM,2280149.04,6,2017
727,AP,1159779.0,6,2017
728,BA,9713921.66,6,2017
729,CE,3806014.1,6,2017
730,DF,56058.4,6,2017
731,ES,1539618.9,6,2017
732,GO,7590628.09,6,2017
733,MA,3592609.43,6,2017
734,MG,15870608.19,6,2017
735,MS,2360411.38,6,2017
736,MT,3090647.35,6,2017
737,PA,14272047.79,6,2017
738,PB,688478.8,6,2017
739,PE,4202971.59,6,2017
740,PI,1363686.0,6,2017
741,PR,16647832.07,6,2017
742,RJ,8456231.73,6,2017
743,RN,3942499.84,6,2017
744,RO,8347722.68,6,2017
745,RR,263398.58,6,2017
746,RS,9485127.96,6,2017
747,SC,4633185.36,6,2017
748,SE,3295871.4,6,2017
749,SP,23023930.35,6,2017
750,TO,1932872.0,6,2017
751,AC,250242.7,12,2017
752,AL,730386.6,12,2017
753,AM,2279111.04,12,2017
754,AP,1183368.2,12,2017
755,BA,10458161.82,12,2017
756,CE,4000712.1,12,2017
757,DF,56058.4,12,2017
758,ES,1565456.9,12,2017
759,GO,7649637.79,12,2017
760,MA,3813409.43,12,2017
761,MG,16179000.07,12,2017
762,MS,2642371.38,12,2017
763,MT,3114783.95,12,2017
764,PA,15834438.61,12,2017
765,PB,776678.8,12,2017
766,PE,4283645.34,12,2017
767,PI,2009786.0,12,2017
768,PR,16666239.87,12,2017
769,RJ,8482205.53,12,2017
770,RN,4220699.84,12,2017
771,RO,8354994.18,12,2017
772,RR,263772.58,12,2017
773,RS,9582007.96,12,2017
774,SC,4704375.81,12,2017
775,SE,3296239.4,12,2017
776,SP,23074499.05,12,2017
777,TO,1932229.0,12,2017
778,AC,250242.7,9,2017
779,AL,728969.1,9,2017
780,AM,2262655.04,9,2017
781,AP,1159779.0,9,2017
782,BA,9897921.66,9,2017
783,CE,3804462.1,9,2017
784,DF,56058.4,9,2017
785,ES,1543264.9,9,2017
786,GO,7612136.09,9,2017
787,MA,3785809.43,9,2017
788,MG,15932313.96,9,2017
789,MS,2372311.38,9,2017
790,MT,3149237.35,9,2017
791,PA,14867323.5,9,2017
792,PB,682178.8,9,2017
793,PE,4204019.34,9,2017
794,PI,1657286.0,9,2017
795,PR,16653130.07,9,2017
796,RJ,8467892.13,9,2017
797,RN,3969499.84,9,2017
798,RO,8344810.68,9,2017
799,RR,263592.58,9,2017
800,RS,9565877.96,9,2017
801,SC,4640539.16,9,2017
802,SE,3295871.4,9,2017
803,SP,23034679.75,9,2017
804,TO,1932229.0,9,2017
805,AC,235822.3,3,2018
806,AL,730386.6,3,2018
807,AM,2468661.04,3,2018
808,AP,1183368.2,3,2018
809,BA,10588625.82,3,2018
810,CE,4000712.1,3,2018
811,DF,56058.4,3,2018
812,ES,1565456.9,3,2018
813,GO,7672431.19,3,2018
814,MA,3813409.43,3,2018
815,MG,16183526.14,3,2018
816,MS,2464041.38,3,2018
817,MT,3113783.15,3,2018
818,PA,16631036.72,3,2018
819,PB,776678.8,3,2018
820,PE,4279045.34,3,2018
821,PI,2009786.0,3,2018
822,PR,16668661.75,3,2018
823,RJ,8467205.53,3,2018
824,RN,4284599.84,3,2018
825,RO,8352117.18,3,2018
826,RR,263791.78,3,2018
827,RS,9582075.76,3,2018
828,SC,4711049.61,3,2018
829,SE,3296239.4,3,2018
830,SP,23165256.05,3,2018
831,TO,1932229.0,3,2018
832,AC,161204.9,6,2018
833,AL,730386.6,6,2018
834,AM,2468661.04,6,2018
835,AP,1029268.2,6,2018
836,BA,10819281.82,6,2018
837,CE,4102212.1,6,2018
838,DF,56058.4,6,2018
839,ES,1547166.9,6,2018
840,GO,7690453.69,6,2018
841,MA,3813409.43,6,2018
842,MG,16284116.14,6,2018
843,MS,2483185.39,6,2018
844,MT,3119243.15,6,2018
845,PA,17441294.03,6,2018
846,PB,776678.8,6,2018
847,PE,4279045.34,6,2018
848,PI,2009786.0,6,2018
849,PR,16677341.75,6,2018
850,RJ,8467205.53,6,2018
851,RN,4361099.84,6,2018
852,RO,8352117.18,6,2018
853,RR,263813.38,6,2018
854,RS,9581290.76,6,2018
855,SC,4724799.61,6,2018
856,SE,3296239.4,6,2018
857,SP,23271970.77,6,2018
858,TO,1937729.0,6,2018
859,AC,115707.8,8,2018
860,AL,730386.6,8,2018
861,AM,2468661.04,8,2018
862,AP,1029268.2,8,2018
863,BA,11094681.82,8,2018
864,CE,4114812.1,8,2018
865,DF,56058.4,8,2018
866,ES,1564679.63,8,2018
867,GO,7699953.69,8,2018
868,MA,3813409.43,8,2018
869,MG,16303919.14,8,2018
870,MS,2478206.39,8,2018
871,MT,3106850.48,8,2018
872,PA,17441874.03,8,2018
873,PB,776678.8,8,2018
874,PE,4279045.34,8,2018
875,PI,2009786.0,8,2018
876,PR,16688262.75,8,2018
877,RJ,8487215.53,8,2018
878,RN,4361099.84,8,2018
879,RO,8308669.18,8,2018
880,RR,263813.38,8,2018
881,RS,9581159.36,8,2018
882,SC,4722108.61,8,2018
883,SE,3296239.4,8,2018
884,SP,23299235.27,8,2018
885,TO,1935953.0,8,2018
886,AC,115727.8,11,2018
887,AL,746386.6,11,2018
888,AM,1979247.64,11,2018
889,AP,1030316.2,11,2018
890,BA,11297712.82,11,2018
891,CE,4247735.1,11,2018
892,DF,56358.4,11,2018
893,ES,1573679.63,11,2018
894,GO,7712973.69,11,2018
895,MA,3815422.43,11,2018
896,MG,16360043.07,11,2018
897,MS,2481658.39,11,2018
898,MT,3086141.98,11,2018
899,PA,18664097.65,11,2018
900,PB,851278.8,11,2018
901,PE,4279378.64,11,2018
902,PI,2096986.0,11,2018
903,PR,16688965.3,11,2018
904,RJ,8496758.78,11,2018
905,RN,4361099.99,11,2018
906,RO,8311330.6,11,2018
907,RR,263878.38,11,2018
908,RS,9101010.16,11,2018
909,SC,4738975.71,11,2018
910,SE,3296559.4,11,2018
911,SP,23335290.67,11,2018
912,TO,1937803.0,11,2018
